JUDUL,HARGA,KETERANGAN,KATEGORI,KONDISI,LOKASI,SKU ,FOTO1,FOTO2,FOTO3,FOTO4,FOTO5,FOTO6,FOTO7,FOTO8,FOTO9,FOTO10,LABEL1,LABEL2,LABEL3,LABEL4,LABEL5,LABEL6,LABEL7,LABEL8,LABEL9,LABEL10,LABEL11,LABEL12,LABEL13,LABEL14,LABEL15,LABEL16,LABEL17,LABEL18,LABEL19,LABEL20
"WA 0895-3266-32259, STB TV DIGITAL MURAH, BERGARANSI BISA COD",350000,"Android TV Box TINGGAL PAKAI 
BISA DIPAKAI UNTUK SEMUA TIPE TV : 
LCD
LED
TABUNG
MONITOR
PROYEKTOR
HEAD MOBIL

Android TV Box ini Merubah TV Tabung , TV LCD dan TV LED Anda menjadi SMART TV (ANDROID TV).
Sudah sangat lengkap fitur di dalam nya, seperti :

?Nonton TV Chanel luar dan lokal lengkap
?Nonton Film2 Bioskop, Drama, Cartoon, Sport , Kids Dll.
?Netflix Premium tidak perlu lagi berlangganan
?Youtube
?Game
?Karaoke
?Menampilkan Layar HP ke TV
?Streaming


SUPPORT Connect :
Wifi atau Hotspot HP semua provider bisa karena sudah unlock

langsung semua Aplikasi sudah tinggal pakai, karena semua Aplikasi sudah disetting sebelum dikirim. Tidak perlu ribet2 lagi cari2 Aplikasi TV ataupun Film2 Bioskop terbaru, karena semua Aplikasi sudah Terinstal dan tinggal pakai. 
Jika Ingin instal aplikasi sendiri juga bisa Via Aptoide dan Playstore yang sudah tersedia di STB.

APPLIKASI TERINSTALL :

? YOUTUBE
? YOUTUBE KIDS
? Netflix Premium Tanpa Berlangganan
? IFLIX
? VIU
? Zalt TV
? Iflix
? TiVimate IPTV
? MX PLAYER
? WORMZONE
? BUGGY GAME
? APTOIDE TV
? LIVE TV
? TV INDONESIA
? TV ONLINE
? APK MOVIE
? VIDIO TV
? GUDANG TV
? SPORTIFY
? BROWSER
? DISNEY+
? WETV
? CHANNEL :HBO, FOX, KIDS, SPORT, BEINSPORTS, LOCAL, BERITA, CARTOON
MOVIE, AXN, BEIN SPORT1, BEINSPORT 2, BEIN SPORT HD, ANIPLUS, DLL

?Channel local, kids, sport dan lain-lain
?ADULT FILM DEWASA (Request tapi tidak di sarankan)
DAN BANYAK LAINNYA

KELENGKAPAN TERSEDIA Fullset :

Unit STB
Adaptor
Remote
Kabel HDMI (u. TV LCD/LED)
Kabel RCA (u. TV Tabung)


SUPPORT : Mouse Kabel / Wireless, Keyboard Kabel / Wireless , Stick Games, Hardisk , Flashdisk , MicroSD, TV Tabung , LCD , LED , Proyektor , Monitor PC , 2 Port USB , WIFI , LAN.

Garansi unit dan sistem 1 Tahun


",Elektronik & Komputer,Baru,"Bumi Waras, Lampung",1,C:\Users\User\Pictures\Smartbox Baru 1\foto1\1.JPG,C:\Users\User\Pictures\Smartbox Baru 1\foto2\foto2.jpg,C:\Users\User\Pictures\Smartbox Baru 1\foto3\foto3.jpg,C:\Users\User\Pictures\Smartbox Baru 1\foto4\foto4.jpg,C:\Users\User\Pictures\Smartbox Baru 1\foto5\foto5.jpg,C:\Users\User\Pictures\Smartbox Baru 1\foto6\foto6.jpg,C:\Users\User\Pictures\Smartbox Baru 1\foto7\foto7.jpg,C:\Users\User\Pictures\Smartbox Baru 1\foto8\foto8.jpg,C:\Users\User\Pictures\Smartbox Baru 1\foto9\foto9.jpg,,,modem mf90 noken,modem,modem noken,mf90,,,,,,,,,,,,,,,
"WA 0895-3266-32259, STB TV DIGITAL POLYTRON, BERGARANSI BISA COD",350000,"Android TV Box TINGGAL PAKAI 
BISA DIPAKAI UNTUK SEMUA TIPE TV : 
LCD
LED
TABUNG
MONITOR
PROYEKTOR
HEAD MOBIL

Android TV Box ini Merubah TV Tabung , TV LCD dan TV LED Anda menjadi SMART TV (ANDROID TV).
Sudah sangat lengkap fitur di dalam nya, seperti :

?Nonton TV Chanel luar dan lokal lengkap
?Nonton Film2 Bioskop, Drama, Cartoon, Sport , Kids Dll.
?Netflix Premium tidak perlu lagi berlangganan
?Youtube
?Game
?Karaoke
?Menampilkan Layar HP ke TV
?Streaming


SUPPORT Connect :
Wifi atau Hotspot HP semua provider bisa karena sudah unlock

langsung semua Aplikasi sudah tinggal pakai, karena semua Aplikasi sudah disetting sebelum dikirim. Tidak perlu ribet2 lagi cari2 Aplikasi TV ataupun Film2 Bioskop terbaru, karena semua Aplikasi sudah Terinstal dan tinggal pakai. 
Jika Ingin instal aplikasi sendiri juga bisa Via Aptoide dan Playstore yang sudah tersedia di STB.

APPLIKASI TERINSTALL :

? YOUTUBE
? YOUTUBE KIDS
? Netflix Premium Tanpa Berlangganan
? IFLIX
? VIU
? Zalt TV
? Iflix
? TiVimate IPTV
? MX PLAYER
? WORMZONE
? BUGGY GAME
? APTOIDE TV
? LIVE TV
? TV INDONESIA
? TV ONLINE
? APK MOVIE
? VIDIO TV
? GUDANG TV
? SPORTIFY
? BROWSER
? DISNEY+
? WETV
? CHANNEL :HBO, FOX, KIDS, SPORT, BEINSPORTS, LOCAL, BERITA, CARTOON
MOVIE, AXN, BEIN SPORT1, BEINSPORT 2, BEIN SPORT HD, ANIPLUS, DLL

?Channel local, kids, sport dan lain-lain
?ADULT FILM DEWASA (Request tapi tidak di sarankan)
DAN BANYAK LAINNYA

KELENGKAPAN TERSEDIA Fullset :

Unit STB
Adaptor
Remote
Kabel HDMI (u. TV LCD/LED)
Kabel RCA (u. TV Tabung)


SUPPORT : Mouse Kabel / Wireless, Keyboard Kabel / Wireless , Stick Games, Hardisk , Flashdisk , MicroSD, TV Tabung , LCD , LED , Proyektor , Monitor PC , 2 Port USB , WIFI , LAN.

Garansi unit dan sistem 1 Tahun


",Elektronik & Komputer,Baru,"Kedamaian, Tanjung Karang Timur",2,C:\Users\User\Pictures\Smartbox Baru 1\foto1\2.JPG,C:\Users\User\Pictures\Smartbox Baru 1\foto2\foto2.jpg,C:\Users\User\Pictures\Smartbox Baru 1\foto3\foto3.jpg,C:\Users\User\Pictures\Smartbox Baru 1\foto4\foto4.jpg,C:\Users\User\Pictures\Smartbox Baru 1\foto5\foto5.jpg,C:\Users\User\Pictures\Smartbox Baru 1\foto6\foto6.jpg,C:\Users\User\Pictures\Smartbox Baru 1\foto7\foto7.jpg,C:\Users\User\Pictures\Smartbox Baru 1\foto8\foto8.jpg,C:\Users\User\Pictures\Smartbox Baru 1\foto9\foto9.jpg,,,modem mf90 noken,modem,modem noken,mf90,,,,,,,,,,,,,,,
"WA 0895-3266-32259, SET TOP BOX TV DIGITAL BEKAS MURAH, BERGARANSI BISA COD",350000,"Android TV Box TINGGAL PAKAI 
BISA DIPAKAI UNTUK SEMUA TIPE TV : 
LCD
LED
TABUNG
MONITOR
PROYEKTOR
HEAD MOBIL

Android TV Box ini Merubah TV Tabung , TV LCD dan TV LED Anda menjadi SMART TV (ANDROID TV).
Sudah sangat lengkap fitur di dalam nya, seperti :

?Nonton TV Chanel luar dan lokal lengkap
?Nonton Film2 Bioskop, Drama, Cartoon, Sport , Kids Dll.
?Netflix Premium tidak perlu lagi berlangganan
?Youtube
?Game
?Karaoke
?Menampilkan Layar HP ke TV
?Streaming


SUPPORT Connect :
Wifi atau Hotspot HP semua provider bisa karena sudah unlock

langsung semua Aplikasi sudah tinggal pakai, karena semua Aplikasi sudah disetting sebelum dikirim. Tidak perlu ribet2 lagi cari2 Aplikasi TV ataupun Film2 Bioskop terbaru, karena semua Aplikasi sudah Terinstal dan tinggal pakai. 
Jika Ingin instal aplikasi sendiri juga bisa Via Aptoide dan Playstore yang sudah tersedia di STB.

APPLIKASI TERINSTALL :

? YOUTUBE
? YOUTUBE KIDS
? Netflix Premium Tanpa Berlangganan
? IFLIX
? VIU
? Zalt TV
? Iflix
? TiVimate IPTV
? MX PLAYER
? WORMZONE
? BUGGY GAME
? APTOIDE TV
? LIVE TV
? TV INDONESIA
? TV ONLINE
? APK MOVIE
? VIDIO TV
? GUDANG TV
? SPORTIFY
? BROWSER
? DISNEY+
? WETV
? CHANNEL :HBO, FOX, KIDS, SPORT, BEINSPORTS, LOCAL, BERITA, CARTOON
MOVIE, AXN, BEIN SPORT1, BEINSPORT 2, BEIN SPORT HD, ANIPLUS, DLL

?Channel local, kids, sport dan lain-lain
?ADULT FILM DEWASA (Request tapi tidak di sarankan)
DAN BANYAK LAINNYA

KELENGKAPAN TERSEDIA Fullset :

Unit STB
Adaptor
Remote
Kabel HDMI (u. TV LCD/LED)
Kabel RCA (u. TV Tabung)


SUPPORT : Mouse Kabel / Wireless, Keyboard Kabel / Wireless , Stick Games, Hardisk , Flashdisk , MicroSD, TV Tabung , LCD , LED , Proyektor , Monitor PC , 2 Port USB , WIFI , LAN.

Garansi unit dan sistem 1 Tahun


",Elektronik & Komputer,Baru,"Kedaton, Lampung",3,C:\Users\User\Pictures\Smartbox Baru 1\foto1\3.JPG,C:\Users\User\Pictures\Smartbox Baru 1\foto2\foto2.jpg,C:\Users\User\Pictures\Smartbox Baru 1\foto3\foto3.jpg,C:\Users\User\Pictures\Smartbox Baru 1\foto4\foto4.jpg,C:\Users\User\Pictures\Smartbox Baru 1\foto5\foto5.jpg,C:\Users\User\Pictures\Smartbox Baru 1\foto6\foto6.jpg,C:\Users\User\Pictures\Smartbox Baru 1\foto7\foto7.jpg,C:\Users\User\Pictures\Smartbox Baru 1\foto8\foto8.jpg,C:\Users\User\Pictures\Smartbox Baru 1\foto9\foto9.jpg,,,modem mf90 noken,modem,modem noken,mf90,,,,,,,,,,,,,,,
"WA 0895-3266-32259, SET TOP BOX TV DIGITAL POLYTRON, BERGARANSI BISA COD",350000,"Android TV Box TINGGAL PAKAI 
BISA DIPAKAI UNTUK SEMUA TIPE TV : 
LCD
LED
TABUNG
MONITOR
PROYEKTOR
HEAD MOBIL

Android TV Box ini Merubah TV Tabung , TV LCD dan TV LED Anda menjadi SMART TV (ANDROID TV).
Sudah sangat lengkap fitur di dalam nya, seperti :

?Nonton TV Chanel luar dan lokal lengkap
?Nonton Film2 Bioskop, Drama, Cartoon, Sport , Kids Dll.
?Netflix Premium tidak perlu lagi berlangganan
?Youtube
?Game
?Karaoke
?Menampilkan Layar HP ke TV
?Streaming


SUPPORT Connect :
Wifi atau Hotspot HP semua provider bisa karena sudah unlock

langsung semua Aplikasi sudah tinggal pakai, karena semua Aplikasi sudah disetting sebelum dikirim. Tidak perlu ribet2 lagi cari2 Aplikasi TV ataupun Film2 Bioskop terbaru, karena semua Aplikasi sudah Terinstal dan tinggal pakai. 
Jika Ingin instal aplikasi sendiri juga bisa Via Aptoide dan Playstore yang sudah tersedia di STB.

APPLIKASI TERINSTALL :

? YOUTUBE
? YOUTUBE KIDS
? Netflix Premium Tanpa Berlangganan
? IFLIX
? VIU
? Zalt TV
? Iflix
? TiVimate IPTV
? MX PLAYER
? WORMZONE
? BUGGY GAME
? APTOIDE TV
? LIVE TV
? TV INDONESIA
? TV ONLINE
? APK MOVIE
? VIDIO TV
? GUDANG TV
? SPORTIFY
? BROWSER
? DISNEY+
? WETV
? CHANNEL :HBO, FOX, KIDS, SPORT, BEINSPORTS, LOCAL, BERITA, CARTOON
MOVIE, AXN, BEIN SPORT1, BEINSPORT 2, BEIN SPORT HD, ANIPLUS, DLL

?Channel local, kids, sport dan lain-lain
?ADULT FILM DEWASA (Request tapi tidak di sarankan)
DAN BANYAK LAINNYA

KELENGKAPAN TERSEDIA Fullset :

Unit STB
Adaptor
Remote
Kabel HDMI (u. TV LCD/LED)
Kabel RCA (u. TV Tabung)


SUPPORT : Mouse Kabel / Wireless, Keyboard Kabel / Wireless , Stick Games, Hardisk , Flashdisk , MicroSD, TV Tabung , LCD , LED , Proyektor , Monitor PC , 2 Port USB , WIFI , LAN.

Garansi unit dan sistem 1 Tahun


",Elektronik & Komputer,Baru,"Kemiling Permai 1, Kemiling",4,C:\Users\User\Pictures\Smartbox Baru 1\foto1\4.JPG,C:\Users\User\Pictures\Smartbox Baru 1\foto2\foto2.jpg,C:\Users\User\Pictures\Smartbox Baru 1\foto3\foto3.jpg,C:\Users\User\Pictures\Smartbox Baru 1\foto4\foto4.jpg,C:\Users\User\Pictures\Smartbox Baru 1\foto5\foto5.jpg,C:\Users\User\Pictures\Smartbox Baru 1\foto6\foto6.jpg,C:\Users\User\Pictures\Smartbox Baru 1\foto7\foto7.jpg,C:\Users\User\Pictures\Smartbox Baru 1\foto8\foto8.jpg,C:\Users\User\Pictures\Smartbox Baru 1\foto9\foto9.jpg,,,modem mf90 noken,modem,modem noken,mf90,,,,,,,,,,,,,,,
"WA 0895-3266-32259, ALAT TV DIGITAL, BERGARANSI BISA COD",350000,"Android TV Box TINGGAL PAKAI 
BISA DIPAKAI UNTUK SEMUA TIPE TV : 
LCD
LED
TABUNG
MONITOR
PROYEKTOR
HEAD MOBIL

Android TV Box ini Merubah TV Tabung , TV LCD dan TV LED Anda menjadi SMART TV (ANDROID TV).
Sudah sangat lengkap fitur di dalam nya, seperti :

?Nonton TV Chanel luar dan lokal lengkap
?Nonton Film2 Bioskop, Drama, Cartoon, Sport , Kids Dll.
?Netflix Premium tidak perlu lagi berlangganan
?Youtube
?Game
?Karaoke
?Menampilkan Layar HP ke TV
?Streaming


SUPPORT Connect :
Wifi atau Hotspot HP semua provider bisa karena sudah unlock

langsung semua Aplikasi sudah tinggal pakai, karena semua Aplikasi sudah disetting sebelum dikirim. Tidak perlu ribet2 lagi cari2 Aplikasi TV ataupun Film2 Bioskop terbaru, karena semua Aplikasi sudah Terinstal dan tinggal pakai. 
Jika Ingin instal aplikasi sendiri juga bisa Via Aptoide dan Playstore yang sudah tersedia di STB.

APPLIKASI TERINSTALL :

? YOUTUBE
? YOUTUBE KIDS
? Netflix Premium Tanpa Berlangganan
? IFLIX
? VIU
? Zalt TV
? Iflix
? TiVimate IPTV
? MX PLAYER
? WORMZONE
? BUGGY GAME
? APTOIDE TV
? LIVE TV
? TV INDONESIA
? TV ONLINE
? APK MOVIE
? VIDIO TV
? GUDANG TV
? SPORTIFY
? BROWSER
? DISNEY+
? WETV
? CHANNEL :HBO, FOX, KIDS, SPORT, BEINSPORTS, LOCAL, BERITA, CARTOON
MOVIE, AXN, BEIN SPORT1, BEINSPORT 2, BEIN SPORT HD, ANIPLUS, DLL

?Channel local, kids, sport dan lain-lain
?ADULT FILM DEWASA (Request tapi tidak di sarankan)
DAN BANYAK LAINNYA

KELENGKAPAN TERSEDIA Fullset :

Unit STB
Adaptor
Remote
Kabel HDMI (u. TV LCD/LED)
Kabel RCA (u. TV Tabung)


SUPPORT : Mouse Kabel / Wireless, Keyboard Kabel / Wireless , Stick Games, Hardisk , Flashdisk , MicroSD, TV Tabung , LCD , LED , Proyektor , Monitor PC , 2 Port USB , WIFI , LAN.

Garansi unit dan sistem 1 Tahun


",Elektronik & Komputer,Baru,"Gunung Terang, Langkapura, Bandar Lampung, Indonesia",5,C:\Users\User\Pictures\Smartbox Baru 1\foto1\5.JPG,C:\Users\User\Pictures\Smartbox Baru 1\foto2\foto2.jpg,C:\Users\User\Pictures\Smartbox Baru 1\foto3\foto3.jpg,C:\Users\User\Pictures\Smartbox Baru 1\foto4\foto4.jpg,C:\Users\User\Pictures\Smartbox Baru 1\foto5\foto5.jpg,C:\Users\User\Pictures\Smartbox Baru 1\foto6\foto6.jpg,C:\Users\User\Pictures\Smartbox Baru 1\foto7\foto7.jpg,C:\Users\User\Pictures\Smartbox Baru 1\foto8\foto8.jpg,C:\Users\User\Pictures\Smartbox Baru 1\foto9\foto9.jpg,,,modem mf90 noken,modem,modem noken,mf90,,,,,,,,,,,,,,,
"WA 0895-3266-32259,ALAT TV DIGITAL UNTUK TV LED,FULL CHANNEL BISA COD",350000,"Android TV Box TINGGAL PAKAI 
BISA DIPAKAI UNTUK SEMUA TIPE TV : 
LCD
LED
TABUNG
MONITOR
PROYEKTOR
HEAD MOBIL

Android TV Box ini Merubah TV Tabung , TV LCD dan TV LED Anda menjadi SMART TV (ANDROID TV).
Sudah sangat lengkap fitur di dalam nya, seperti :

?Nonton TV Chanel luar dan lokal lengkap
?Nonton Film2 Bioskop, Drama, Cartoon, Sport , Kids Dll.
?Netflix Premium tidak perlu lagi berlangganan
?Youtube
?Game
?Karaoke
?Menampilkan Layar HP ke TV
?Streaming


SUPPORT Connect :
Wifi atau Hotspot HP semua provider bisa karena sudah unlock

langsung semua Aplikasi sudah tinggal pakai, karena semua Aplikasi sudah disetting sebelum dikirim. Tidak perlu ribet2 lagi cari2 Aplikasi TV ataupun Film2 Bioskop terbaru, karena semua Aplikasi sudah Terinstal dan tinggal pakai. 
Jika Ingin instal aplikasi sendiri juga bisa Via Aptoide dan Playstore yang sudah tersedia di STB.

APPLIKASI TERINSTALL :

? YOUTUBE
? YOUTUBE KIDS
? Netflix Premium Tanpa Berlangganan
? IFLIX
? VIU
? Zalt TV
? Iflix
? TiVimate IPTV
? MX PLAYER
? WORMZONE
? BUGGY GAME
? APTOIDE TV
? LIVE TV
? TV INDONESIA
? TV ONLINE
? APK MOVIE
? VIDIO TV
? GUDANG TV
? SPORTIFY
? BROWSER
? DISNEY+
? WETV
? CHANNEL :HBO, FOX, KIDS, SPORT, BEINSPORTS, LOCAL, BERITA, CARTOON
MOVIE, AXN, BEIN SPORT1, BEINSPORT 2, BEIN SPORT HD, ANIPLUS, DLL

?Channel local, kids, sport dan lain-lain
?ADULT FILM DEWASA (Request tapi tidak di sarankan)
DAN BANYAK LAINNYA

KELENGKAPAN TERSEDIA Fullset :

Unit STB
Adaptor
Remote
Kabel HDMI (u. TV LCD/LED)
Kabel RCA (u. TV Tabung)


SUPPORT : Mouse Kabel / Wireless, Keyboard Kabel / Wireless , Stick Games, Hardisk , Flashdisk , MicroSD, TV Tabung , LCD , LED , Proyektor , Monitor PC , 2 Port USB , WIFI , LAN.

Garansi unit dan sistem 1 Tahun


",Elektronik & Komputer,Baru,"Panjang Utara, Panjang",6,C:\Users\User\Pictures\Smartbox Baru 1\foto1\6.JPG,C:\Users\User\Pictures\Smartbox Baru 1\foto2\foto2.jpg,C:\Users\User\Pictures\Smartbox Baru 1\foto3\foto3.jpg,C:\Users\User\Pictures\Smartbox Baru 1\foto4\foto4.jpg,C:\Users\User\Pictures\Smartbox Baru 1\foto5\foto5.jpg,C:\Users\User\Pictures\Smartbox Baru 1\foto6\foto6.jpg,C:\Users\User\Pictures\Smartbox Baru 1\foto7\foto7.jpg,C:\Users\User\Pictures\Smartbox Baru 1\foto8\foto8.jpg,C:\Users\User\Pictures\Smartbox Baru 1\foto9\foto9.jpg,,,modem mf90 noken,modem,modem noken,mf90,,,,,,,,,,,,,,,
"WA 0895-3266-32259, ALAT TV DIGITAL UNTUK TV TABUNG,FULL CHANNEL BISA COD",350000,"Android TV Box TINGGAL PAKAI 
BISA DIPAKAI UNTUK SEMUA TIPE TV : 
LCD
LED
TABUNG
MONITOR
PROYEKTOR
HEAD MOBIL

Android TV Box ini Merubah TV Tabung , TV LCD dan TV LED Anda menjadi SMART TV (ANDROID TV).
Sudah sangat lengkap fitur di dalam nya, seperti :

?Nonton TV Chanel luar dan lokal lengkap
?Nonton Film2 Bioskop, Drama, Cartoon, Sport , Kids Dll.
?Netflix Premium tidak perlu lagi berlangganan
?Youtube
?Game
?Karaoke
?Menampilkan Layar HP ke TV
?Streaming


SUPPORT Connect :
Wifi atau Hotspot HP semua provider bisa karena sudah unlock

langsung semua Aplikasi sudah tinggal pakai, karena semua Aplikasi sudah disetting sebelum dikirim. Tidak perlu ribet2 lagi cari2 Aplikasi TV ataupun Film2 Bioskop terbaru, karena semua Aplikasi sudah Terinstal dan tinggal pakai. 
Jika Ingin instal aplikasi sendiri juga bisa Via Aptoide dan Playstore yang sudah tersedia di STB.

APPLIKASI TERINSTALL :

? YOUTUBE
? YOUTUBE KIDS
? Netflix Premium Tanpa Berlangganan
? IFLIX
? VIU
? Zalt TV
? Iflix
? TiVimate IPTV
? MX PLAYER
? WORMZONE
? BUGGY GAME
? APTOIDE TV
? LIVE TV
? TV INDONESIA
? TV ONLINE
? APK MOVIE
? VIDIO TV
? GUDANG TV
? SPORTIFY
? BROWSER
? DISNEY+
? WETV
? CHANNEL :HBO, FOX, KIDS, SPORT, BEINSPORTS, LOCAL, BERITA, CARTOON
MOVIE, AXN, BEIN SPORT1, BEINSPORT 2, BEIN SPORT HD, ANIPLUS, DLL

?Channel local, kids, sport dan lain-lain
?ADULT FILM DEWASA (Request tapi tidak di sarankan)
DAN BANYAK LAINNYA

KELENGKAPAN TERSEDIA Fullset :

Unit STB
Adaptor
Remote
Kabel HDMI (u. TV LCD/LED)
Kabel RCA (u. TV Tabung)


SUPPORT : Mouse Kabel / Wireless, Keyboard Kabel / Wireless , Stick Games, Hardisk , Flashdisk , MicroSD, TV Tabung , LCD , LED , Proyektor , Monitor PC , 2 Port USB , WIFI , LAN.

Garansi unit dan sistem 1 Tahun


",Elektronik & Komputer,Baru,"Rajabasa Raya, Rajabasa",7,C:\Users\User\Pictures\Smartbox Baru 1\foto1\7.JPG,C:\Users\User\Pictures\Smartbox Baru 1\foto2\foto2.jpg,C:\Users\User\Pictures\Smartbox Baru 1\foto3\foto3.jpg,C:\Users\User\Pictures\Smartbox Baru 1\foto4\foto4.jpg,C:\Users\User\Pictures\Smartbox Baru 1\foto5\foto5.jpg,C:\Users\User\Pictures\Smartbox Baru 1\foto6\foto6.jpg,C:\Users\User\Pictures\Smartbox Baru 1\foto7\foto7.jpg,C:\Users\User\Pictures\Smartbox Baru 1\foto8\foto8.jpg,C:\Users\User\Pictures\Smartbox Baru 1\foto9\foto9.jpg,,,modem mf90 noken,modem,modem noken,mf90,,,,,,,,,,,,,,,
"WA 0895-3266-32259, ALAT TV DIGITAL MURAH,FULL CHANNEL BISA COD",350000,"Android TV Box TINGGAL PAKAI 
BISA DIPAKAI UNTUK SEMUA TIPE TV : 
LCD
LED
TABUNG
MONITOR
PROYEKTOR
HEAD MOBIL

Android TV Box ini Merubah TV Tabung , TV LCD dan TV LED Anda menjadi SMART TV (ANDROID TV).
Sudah sangat lengkap fitur di dalam nya, seperti :

?Nonton TV Chanel luar dan lokal lengkap
?Nonton Film2 Bioskop, Drama, Cartoon, Sport , Kids Dll.
?Netflix Premium tidak perlu lagi berlangganan
?Youtube
?Game
?Karaoke
?Menampilkan Layar HP ke TV
?Streaming


SUPPORT Connect :
Wifi atau Hotspot HP semua provider bisa karena sudah unlock

langsung semua Aplikasi sudah tinggal pakai, karena semua Aplikasi sudah disetting sebelum dikirim. Tidak perlu ribet2 lagi cari2 Aplikasi TV ataupun Film2 Bioskop terbaru, karena semua Aplikasi sudah Terinstal dan tinggal pakai. 
Jika Ingin instal aplikasi sendiri juga bisa Via Aptoide dan Playstore yang sudah tersedia di STB.

APPLIKASI TERINSTALL :

? YOUTUBE
? YOUTUBE KIDS
? Netflix Premium Tanpa Berlangganan
? IFLIX
? VIU
? Zalt TV
? Iflix
? TiVimate IPTV
? MX PLAYER
? WORMZONE
? BUGGY GAME
? APTOIDE TV
? LIVE TV
? TV INDONESIA
? TV ONLINE
? APK MOVIE
? VIDIO TV
? GUDANG TV
? SPORTIFY
? BROWSER
? DISNEY+
? WETV
? CHANNEL :HBO, FOX, KIDS, SPORT, BEINSPORTS, LOCAL, BERITA, CARTOON
MOVIE, AXN, BEIN SPORT1, BEINSPORT 2, BEIN SPORT HD, ANIPLUS, DLL

?Channel local, kids, sport dan lain-lain
?ADULT FILM DEWASA (Request tapi tidak di sarankan)
DAN BANYAK LAINNYA

KELENGKAPAN TERSEDIA Fullset :

Unit STB
Adaptor
Remote
Kabel HDMI (u. TV LCD/LED)
Kabel RCA (u. TV Tabung)


SUPPORT : Mouse Kabel / Wireless, Keyboard Kabel / Wireless , Stick Games, Hardisk , Flashdisk , MicroSD, TV Tabung , LCD , LED , Proyektor , Monitor PC , 2 Port USB , WIFI , LAN.

Garansi unit dan sistem 1 Tahun


",Elektronik & Komputer,Baru,"Sukabumi Indah, Sukabumi",8,C:\Users\User\Pictures\Smartbox Baru 1\foto1\8.JPG,C:\Users\User\Pictures\Smartbox Baru 1\foto2\foto2.jpg,C:\Users\User\Pictures\Smartbox Baru 1\foto3\foto3.jpg,C:\Users\User\Pictures\Smartbox Baru 1\foto4\foto4.jpg,C:\Users\User\Pictures\Smartbox Baru 1\foto5\foto5.jpg,C:\Users\User\Pictures\Smartbox Baru 1\foto6\foto6.jpg,C:\Users\User\Pictures\Smartbox Baru 1\foto7\foto7.jpg,C:\Users\User\Pictures\Smartbox Baru 1\foto8\foto8.jpg,C:\Users\User\Pictures\Smartbox Baru 1\foto9\foto9.jpg,,,modem mf90 noken,modem,modem noken,mf90,,,,,,,,,,,,,,,
"WA 0895-3266-32259, SET TOP BOX TV DIGITAL BEKAS MURAH,FULL CHANNEL BISA COD",350000,"Android TV Box TINGGAL PAKAI 
BISA DIPAKAI UNTUK SEMUA TIPE TV : 
LCD
LED
TABUNG
MONITOR
PROYEKTOR
HEAD MOBIL

Android TV Box ini Merubah TV Tabung , TV LCD dan TV LED Anda menjadi SMART TV (ANDROID TV).
Sudah sangat lengkap fitur di dalam nya, seperti :

?Nonton TV Chanel luar dan lokal lengkap
?Nonton Film2 Bioskop, Drama, Cartoon, Sport , Kids Dll.
?Netflix Premium tidak perlu lagi berlangganan
?Youtube
?Game
?Karaoke
?Menampilkan Layar HP ke TV
?Streaming


SUPPORT Connect :
Wifi atau Hotspot HP semua provider bisa karena sudah unlock

langsung semua Aplikasi sudah tinggal pakai, karena semua Aplikasi sudah disetting sebelum dikirim. Tidak perlu ribet2 lagi cari2 Aplikasi TV ataupun Film2 Bioskop terbaru, karena semua Aplikasi sudah Terinstal dan tinggal pakai. 
Jika Ingin instal aplikasi sendiri juga bisa Via Aptoide dan Playstore yang sudah tersedia di STB.

APPLIKASI TERINSTALL :

? YOUTUBE
? YOUTUBE KIDS
? Netflix Premium Tanpa Berlangganan
? IFLIX
? VIU
? Zalt TV
? Iflix
? TiVimate IPTV
? MX PLAYER
? WORMZONE
? BUGGY GAME
? APTOIDE TV
? LIVE TV
? TV INDONESIA
? TV ONLINE
? APK MOVIE
? VIDIO TV
? GUDANG TV
? SPORTIFY
? BROWSER
? DISNEY+
? WETV
? CHANNEL :HBO, FOX, KIDS, SPORT, BEINSPORTS, LOCAL, BERITA, CARTOON
MOVIE, AXN, BEIN SPORT1, BEINSPORT 2, BEIN SPORT HD, ANIPLUS, DLL

?Channel local, kids, sport dan lain-lain
?ADULT FILM DEWASA (Request tapi tidak di sarankan)
DAN BANYAK LAINNYA

KELENGKAPAN TERSEDIA Fullset :

Unit STB
Adaptor
Remote
Kabel HDMI (u. TV LCD/LED)
Kabel RCA (u. TV Tabung)


SUPPORT : Mouse Kabel / Wireless, Keyboard Kabel / Wireless , Stick Games, Hardisk , Flashdisk , MicroSD, TV Tabung , LCD , LED , Proyektor , Monitor PC , 2 Port USB , WIFI , LAN.

Garansi unit dan sistem 1 Tahun


",Elektronik & Komputer,Baru,"Way Dadi, Sukarame",9,C:\Users\User\Pictures\Smartbox Baru 1\foto1\9.JPG,C:\Users\User\Pictures\Smartbox Baru 1\foto2\foto2.jpg,C:\Users\User\Pictures\Smartbox Baru 1\foto3\foto3.jpg,C:\Users\User\Pictures\Smartbox Baru 1\foto4\foto4.jpg,C:\Users\User\Pictures\Smartbox Baru 1\foto5\foto5.jpg,C:\Users\User\Pictures\Smartbox Baru 1\foto6\foto6.jpg,C:\Users\User\Pictures\Smartbox Baru 1\foto7\foto7.jpg,C:\Users\User\Pictures\Smartbox Baru 1\foto8\foto8.jpg,C:\Users\User\Pictures\Smartbox Baru 1\foto9\foto9.jpg,,,modem mf90 noken,modem,modem noken,mf90,,,,,,,,,,,,,,,
"WA 0895-3266-32259, SET TOP BOX TV DIGITAL POLYTRON,FULL CHANNEL BISA COD",350000,"Android TV Box TINGGAL PAKAI 
BISA DIPAKAI UNTUK SEMUA TIPE TV : 
LCD
LED
TABUNG
MONITOR
PROYEKTOR
HEAD MOBIL

Android TV Box ini Merubah TV Tabung , TV LCD dan TV LED Anda menjadi SMART TV (ANDROID TV).
Sudah sangat lengkap fitur di dalam nya, seperti :

?Nonton TV Chanel luar dan lokal lengkap
?Nonton Film2 Bioskop, Drama, Cartoon, Sport , Kids Dll.
?Netflix Premium tidak perlu lagi berlangganan
?Youtube
?Game
?Karaoke
?Menampilkan Layar HP ke TV
?Streaming


SUPPORT Connect :
Wifi atau Hotspot HP semua provider bisa karena sudah unlock

langsung semua Aplikasi sudah tinggal pakai, karena semua Aplikasi sudah disetting sebelum dikirim. Tidak perlu ribet2 lagi cari2 Aplikasi TV ataupun Film2 Bioskop terbaru, karena semua Aplikasi sudah Terinstal dan tinggal pakai. 
Jika Ingin instal aplikasi sendiri juga bisa Via Aptoide dan Playstore yang sudah tersedia di STB.

APPLIKASI TERINSTALL :

? YOUTUBE
? YOUTUBE KIDS
? Netflix Premium Tanpa Berlangganan
? IFLIX
? VIU
? Zalt TV
? Iflix
? TiVimate IPTV
? MX PLAYER
? WORMZONE
? BUGGY GAME
? APTOIDE TV
? LIVE TV
? TV INDONESIA
? TV ONLINE
? APK MOVIE
? VIDIO TV
? GUDANG TV
? SPORTIFY
? BROWSER
? DISNEY+
? WETV
? CHANNEL :HBO, FOX, KIDS, SPORT, BEINSPORTS, LOCAL, BERITA, CARTOON
MOVIE, AXN, BEIN SPORT1, BEINSPORT 2, BEIN SPORT HD, ANIPLUS, DLL

?Channel local, kids, sport dan lain-lain
?ADULT FILM DEWASA (Request tapi tidak di sarankan)
DAN BANYAK LAINNYA

KELENGKAPAN TERSEDIA Fullset :

Unit STB
Adaptor
Remote
Kabel HDMI (u. TV LCD/LED)
Kabel RCA (u. TV Tabung)


SUPPORT : Mouse Kabel / Wireless, Keyboard Kabel / Wireless , Stick Games, Hardisk , Flashdisk , MicroSD, TV Tabung , LCD , LED , Proyektor , Monitor PC , 2 Port USB , WIFI , LAN.

Garansi unit dan sistem 1 Tahun


",Elektronik & Komputer,Baru,"Segala Mider, Tanjung Karang Barat",10,C:\Users\User\Pictures\Smartbox Baru 1\foto1\10.JPG,C:\Users\User\Pictures\Smartbox Baru 1\foto2\foto2.jpg,C:\Users\User\Pictures\Smartbox Baru 1\foto3\foto3.jpg,C:\Users\User\Pictures\Smartbox Baru 1\foto4\foto4.jpg,C:\Users\User\Pictures\Smartbox Baru 1\foto5\foto5.jpg,C:\Users\User\Pictures\Smartbox Baru 1\foto6\foto6.jpg,C:\Users\User\Pictures\Smartbox Baru 1\foto7\foto7.jpg,C:\Users\User\Pictures\Smartbox Baru 1\foto8\foto8.jpg,C:\Users\User\Pictures\Smartbox Baru 1\foto9\foto9.jpg,,,modem mf90 noken,modem,modem noken,mf90,,,,,,,,,,,,,,,
,,,,,,,,,,,,,,,,,,,,,,,,,,,,,,,,,,,,
,,,,,,,,,,,,,,,,,,,,,,,,,,,,,,,,,,,,
,,,,,,,,,,,,,,,,,,,,,,,,,,,,,,,,,,,,
,,,,,,,,,,,,,,,,,,,,,,,,,,,,,,,,,,,,
,,,,,,,,,,,,,,,,,,,,,,,,,,,,,,,,,,,,
,,,,,,,,,,,,,,,,,,,,,,,,,,,,,,,,,,,,
,,,,,,,,,,,,,,,,,,,,,,,,,,,,,,,,,,,,
,,,,,,,,,,,,,,,,,,,,,,,,,,,,,,,,,,,,
,,,,,,,,,,,,,,,,,,,,,,,,,,,,,,,,,,,,
,,,,,,,,,,,,,,,,,,,,,,,,,,,,,,,,,,,,
,,,,,,,,,,,,,,,,,,,,,,,,,,,,,,,,,,,,
,,,,,,,,,,,,,,,,,,,,,,,,,,,,,,,,,,,,
,,,,,,,,,,,,,,,,,,,,,,,,,,,,,,,,,,,,
,,,,,,,,,,,,,,,,,,,,,,,,,,,,,,,,,,,,
,,,,,,,,,,,,,,,,,,,,,,,,,,,,,,,,,,,,
,,,,,,,,,,,,,,,,,,,,,,,,,,,,,,,,,,,,
,,,,,,,,,,,,,,,,,,,,,,,,,,,,,,,,,,,,
,,,,,,,,,,,,,,,,,,,,,,,,,,,,,,,,,,,,
,,,,,,,,,,,,,,,,,,,,,,,,,,,,,,,,,,,,
,,,,,,,,,,,,,,,,,,,,,,,,,,,,,,,,,,,,
,,,,,,,,,,,,,,,,,,,,,,,,,,,,,,,,,,,,
,,,,,,,,,,,,,,,,,,,,,,,,,,,,,,,,,,,,
,,,,,,,,,,,,,,,,,,,,,,,,,,,,,,,,,,,,
,,,,,,,,,,,,,,,,,,,,,,,,,,,,,,,,,,,,
,,,,,,,,,,,,,,,,,,,,,,,,,,,,,,,,,,,,
,,,,,,,,,,,,,,,,,,,,,,,,,,,,,,,,,,,,
,,,,,,,,,,,,,,,,,,,,,,,,,,,,,,,,,,,,
,,,,,,,,,,,,,,,,,,,,,,,,,,,,,,,,,,,,
,,,,,,,,,,,,,,,,,,,,,,,,,,,,,,,,,,,,
,,,,,,,,,,,,,,,,,,,,,,,,,,,,,,,,,,,,
,,,,,,,,,,,,,,,,,,,,,,,,,,,,,,,,,,,,
,,,,,,,,,,,,,,,,,,,,,,,,,,,,,,,,,,,,
,,,,,,,,,,,,,,,,,,,,,,,,,,,,,,,,,,,,
